id,email,encrypted_password,reset_password_token,reset_password_sent_at,remember_created_at,created_at,updated_at,first_name,last_name,date_of_birth,personal_description,professional_background,link_of_github,link_of_linkedin,is_admin
2,antoine@yopmail.com,$2a$12$Fgjwezhb5PHKH0Tm7ZxNte4H8tQtVuN2jX8JydJrySE/LcOW8zoda,,,,2020-09-11 10:43:09 UTC,2020-09-11 10:43:10 UTC,Antoine,Prévost,,Sed consequatur fuga aut.,Customer Hospitality Designer,,,
3,mohamed@yopmail.com,$2a$12$K7s.4i7bEt12ZKRUOmA8LO5vhpN.MQvKfgiTyTjDhQtr3rad/h1hG,,,,2020-09-11 10:43:11 UTC,2020-09-11 10:43:12 UTC,Mohamed,Julien,,Odit consequuntur ut voluptatum.,Investor Farming Agent,,,
5,louise@yopmail.com,$2a$12$buHxzz6wQS7Oef4AKAVYJeS.wpQtPbZw61QlPKoLUrXxJELvfV2Aa,,,,2020-09-11 10:43:13 UTC,2020-09-11 10:43:13 UTC,Louise,Dupuy,,Consequatur consequatur dolores accusamus.,Retail Engineer,,,
6,julie@yopmail.com,$2a$12$tpgxc/eEEhdDBTTBJvccD.hGGwa53m2hg.z7lp6qACZbZ/K3V4pVe,,,,2020-09-11 10:43:14 UTC,2020-09-11 10:43:15 UTC,Julie,Leroux,,Enim nihil dolores culpa.,Education Architect,,,
7,léo@yopmail.com,$2a$12$aVUp7/3/1.PKV38aCTmjf.zqmrFtiul.xp9iEjng/BHUlq6uPY2Dy,,,,2020-09-11 10:43:16 UTC,2020-09-11 10:43:16 UTC,Lola,Lefèvre,,Beatae quod ex quisquam.,Lead Assistant,,,
8,adam@yopmail.com,$2a$12$z/voH5si8D7GON27lUcRJeE4DXVtXAfleSX8tM71BK.oJ.jYdQJ4u,,,,2020-09-11 10:43:17 UTC,2020-09-11 10:43:18 UTC,Adam,Roussel,,Qui vitae nulla est.,International Analyst,,,
9,clément@yopmail.com,$2a$12$WmydQD.ub9bUQ8vVGScdKuo1QaGjxyRyo75B6vJuv6TNEKmz/BAm.,,,,2020-09-11 10:43:18 UTC,2020-09-11 10:43:19 UTC,Clément,Leclercq,,Vero dignissimos laboriosam est.,Healthcare Producer,,,
10,léa@yopmail.com,$2a$12$Yid33ObZgwWIu4ylE59Clu5YmUl2gksjgMZSHbsxVUbxuU4Ocl3oC,,,,2020-09-11 10:43:20 UTC,2020-09-11 10:43:21 UTC,Léa,Lemaire,,Optio cupiditate libero beatae.,Real-Estate Liaison,,,
11,moussaillon@yopmail.com,$2a$12$9cG6vrh0ATsbVfovXKYKr.egplzQZfS3CZzVOPh.OUVRBZkSzOcmG,,,,2020-09-11 10:43:21 UTC,2020-09-11 10:43:21 UTC,Moussaillon,Administrator,,Quisquam voluptas est earum.,Global Banking Developer,,,true
1,lola@yopmail.com,$2a$12$sRvTxCWDKa0fW//HLCCaAuKUQ0MWJjoa.dHNMlgsAUSu0z0xQ9nKK,,,,2020-09-11 10:43:08 UTC,2020-09-11 10:45:28 UTC,Lola,Garnier,2020-09-11 00:00:00 UTC,Suscipit nulla ut nihil.,Central Mining Analyst,"","",
